{"name":"ef724ff9-d9af-42f8-8bde-01d2f408c828","id":"/providers/Microsoft.Flow/flows/ef724ff9-d9af-42f8-8bde-01d2f408c828","type":"Microsoft.Flow/flows","properties":{"apiId":"/providers/Microsoft.PowerApps/apis/shared_logicflows","displayName":"Impacts of ASUU Strike and Skills Acquired","definition":{"metadata":{"workflowEntityId":null,"processAdvisorMetadata":null,"flowclientsuspensionreason":"None","flowclientsuspensiontime":null,"flowclientsuspensionreasondetails":null,"creator":{"id":"d7c628d5-d844-4de9-8fa0-6949aec7a5f3","type":"User","tenantId":"4a6b7631-2ee9-4186-876b-1642dfa2783e"},"provisioningMethod":"FromDefinition","failureAlertSubscription":true,"clientLastModifiedTime":"2022-07-15T09:24:20.5255813Z"},"$schema":"https://schema.management.azure.com/providers/Microsoft.Logic/schemas/2016-06-01/workflowdefinition.json#","contentVersion":"1.0.0.0","parameters":{"$connections":{"defaultValue":{},"type":"Object"},"$authentication":{"defaultValue":{},"type":"SecureObject"}},"triggers":{"When_a_new_response_is_submitted":{"splitOn":"@triggerOutputs()?['body/value']","metadata":{"operationMetadataId":"6a90cfd4-f7a1-41f2-8361-731ba0a561da"},"type":"OpenApiConnectionWebhook","inputs":{"host":{"apiId":"/providers/Microsoft.PowerApps/apis/shared_microsoftforms","connectionName":"shared_microsoftforms","operationId":"CreateFormWebhook"},"parameters":{"form_id":"MXZrSukuhkGHaxZC36J4PtUoxtdE2OlNj6BpSa7HpfNUNkVOSksyRjFJNVozUjMyTFFDU0cyUExLTS4u"},"authentication":"@parameters('$authentication')"}}},"actions":{"Get_response_details_2":{"runAfter":{},"metadata":{"operationMetadataId":"36d135c1-1118-4fdd-904a-c4ab91c8a1d3"},"type":"OpenApiConnection","inputs":{"host":{"apiId":"/providers/Microsoft.PowerApps/apis/shared_microsoftforms","connectionName":"shared_microsoftforms","operationId":"GetFormResponseById"},"parameters":{"form_id":"MXZrSukuhkGHaxZC36J4PtUoxtdE2OlNj6BpSa7HpfNUNkVOSksyRjFJNVozUjMyTFFDU0cyUExLTS4u","response_id":"@triggerOutputs()?['body/resourceData/responseId']"},"authentication":"@parameters('$authentication')"}},"DateExpressionCompose":{"runAfter":{"Get_response_details_2":["Succeeded"]},"metadata":{"operationMetadataId":"9db5e784-08ae-439b-89b4-382d8125f208"},"type":"Compose","inputs":"@utcNow('dd-MM-yyyy')"},"Send_an_email_(V2)":{"runAfter":{"Create_item":["Succeeded"]},"metadata":{"operationMetadataId":"9f20a235-5b65-4d36-b5ef-a9814535b449"},"type":"OpenApiConnection","inputs":{"host":{"apiId":"/providers/Microsoft.PowerApps/apis/shared_office365","connectionName":"shared_office365","operationId":"SendEmailV2"},"parameters":{"emailMessage/To":"josephdarepius@gmail.com","emailMessage/Subject":"Podcast Notification","emailMessage/Body":"<p>Dear Sir,<br>\n filled the form<br>\nwarm regards</p>","emailMessage/Importance":"Normal"},"authentication":"@parameters('$authentication')"}},"Create_item":{"runAfter":{"DateExpressionCompose":["Succeeded"]},"metadata":{"operationMetadataId":"936b5e7d-d05d-4bed-8a8b-15cfc5f3eae3"},"type":"OpenApiConnection","inputs":{"host":{"apiId":"/providers/Microsoft.PowerApps/apis/shared_sharepointonline","connectionName":"shared_sharepointonline","operationId":"PostItem"},"parameters":{"dataset":"https://tobititi1.sharepoint.com/sites/tobititi1","table":"9c985be5-4aa7-4f08-95a2-76713d48406e","item/StudentName":"@outputs('Get_response_details_2')?['body/rd8592c78b9a144dda016df879761f796']","item/StudentEmail":"@outputs('Get_response_details_2')?['body/r2fd1a60d09dc40f4bf9811386c4565c4']","item/Gender/Value":"@outputs('Get_response_details_2')?['body/rc9934f0b36c64cddb9d33bdae100aeb8']","item/NameofSchool":"@outputs('Get_response_details_2')?['body/r1364a0147b6e4a97a988f506789b3fdc']","item/StudentTwitter_x002f_LinkedInHan":"@outputs('Get_response_details_2')?['body/r7a4f70bdcfcb422cb1e06f2c26eafa46']","item/SkillAcquired":"@outputs('Get_response_details_2')?['body/rc51b6e5e5e9d4f5bbf4b03a37f769c06']"},"authentication":"@parameters('$authentication')"}}}},"connectionReferences":{"shared_microsoftforms":{"connectionName":"shared-microsoftform-45c2c2fc-d6ec-46eb-bde7-614734730143","source":"Embedded","id":"/providers/Microsoft.PowerApps/apis/shared_microsoftforms","tier":"NotSpecified"},"shared_office365":{"connectionName":"shared-office365-3eec5cf2-fd13-468f-bc9c-8f77ec184c4a","source":"Embedded","id":"/providers/Microsoft.PowerApps/apis/shared_office365","tier":"NotSpecified"},"shared_sharepointonline":{"connectionName":"8d6064668a7d40a78d45159e8a71f8ea","source":"Embedded","id":"/providers/Microsoft.PowerApps/apis/shared_sharepointonline","tier":"NotSpecified"}},"flowFailureAlertSubscribed":false,"isManaged":false}}