{"name":"2ada8851-1bbd-4a9c-95cd-f93818388e98","id":"/providers/Microsoft.Flow/flows/2ada8851-1bbd-4a9c-95cd-f93818388e98","type":"Microsoft.Flow/flows","properties":{"apiId":"/providers/Microsoft.PowerApps/apis/shared_logicflows","displayName":"EmployeeCheckIn","definition":{"metadata":{"workflowEntityId":null,"processAdvisorMetadata":null,"flowclientsuspensionreason":"None","flowclientsuspensiontime":null,"creator":{"id":"d7c628d5-d844-4de9-8fa0-6949aec7a5f3","type":"User","tenantId":"4a6b7631-2ee9-4186-876b-1642dfa2783e"},"provisioningMethod":"FromDefinition","failureAlertSubscription":true,"clientLastModifiedTime":"2022-07-10T20:05:11.4328235Z"},"$schema":"https://schema.management.azure.com/providers/Microsoft.Logic/schemas/2016-06-01/workflowdefinition.json#","contentVersion":"1.0.0.0","parameters":{"$connections":{"defaultValue":{},"type":"Object"},"$authentication":{"defaultValue":{},"type":"SecureObject"}},"triggers":{"manual":{"metadata":{"operationMetadataId":"993bc477-e88d-413b-a6cf-d037a911b693"},"type":"Request","kind":"PowerApp","inputs":{"schema":{"type":"object","properties":{"SendpushnotificationV2_RecipientsItem-1":{"type":"string"},"SendpushnotificationV2_RecipientsItem-1_1":{"type":"string"},"SendpushnotificationV2_RecipientsItem-1_2":{"type":"string"}},"required":["SendpushnotificationV2_RecipientsItem-1","SendpushnotificationV2_RecipientsItem-1_1","SendpushnotificationV2_RecipientsItem-1_2"]}}}},"actions":{"Send_push_notification_V2":{"runAfter":{},"metadata":{"operationMetadataId":"8a2f5809-a5c7-448e-8a7a-8f4a0519087f"},"type":"OpenApiConnection","inputs":{"host":{"apiId":"/providers/Microsoft.PowerApps/apis/shared_powerappsnotificationv2","connectionName":"shared_powerappsnotificationv2","operationId":"SendPushNotificationV2"},"parameters":{"payload/playerType":"PowerApps","payload/app":"{\n  \"appIdentifier\": \"4a04f6cd-d6c9-4a03-97f1-9e1fae88f554\",\n  \"displayName\": \"EmployeeCheckIn Application (1)\",\n  \"type\": \"CanvasApp\"\n}","payload/recipients":["@triggerBody()['SendpushnotificationV2_RecipientsItem-1_2']"],"payload/message":"EmployeeCheckIn","payload/openApp":true},"authentication":{"value":"@json(decodeBase64(triggerOutputs().headers['X-MS-APIM-Tokens']))['$ConnectionKey']","type":"Raw"}}}}},"connectionReferences":{"shared_powerappsnotificationv2":{"connectionName":"shared-powerappsnoti-893c5f61-afe4-4236-99f9-7da2d94521e3","source":"Invoker","id":"/providers/Microsoft.PowerApps/apis/shared_powerappsnotificationv2","tier":"NotSpecified"}},"flowFailureAlertSubscribed":false,"isManaged":false}}