{"name":"4d1b83ef-b978-4bd5-ac7a-974984058856","id":"/providers/Microsoft.Flow/flows/4d1b83ef-b978-4bd5-ac7a-974984058856","type":"Microsoft.Flow/flows","properties":{"apiId":"/providers/Microsoft.PowerApps/apis/shared_logicflows","displayName":"PODCAST Practice","definition":{"metadata":{"workflowEntityId":null,"processAdvisorMetadata":null,"flowclientsuspensionreason":"None","flowclientsuspensiontime":null,"flowclientsuspensionreasondetails":null,"creator":{"id":"d7c628d5-d844-4de9-8fa0-6949aec7a5f3","type":"User","tenantId":"4a6b7631-2ee9-4186-876b-1642dfa2783e"},"provisioningMethod":"FromDefinition","failureAlertSubscription":true,"clientLastModifiedTime":"2022-07-16T19:47:05.4809323Z"},"$schema":"https://schema.management.azure.com/providers/Microsoft.Logic/schemas/2016-06-01/workflowdefinition.json#","contentVersion":"1.0.0.0","parameters":{"$connections":{"defaultValue":{},"type":"Object"},"$authentication":{"defaultValue":{},"type":"SecureObject"}},"triggers":{"When_a_new_response_is_submitted":{"splitOn":"@triggerOutputs()?['body/value']","metadata":{"operationMetadataId":"c14c20e3-86cc-4e71-bca8-4f9397ee8e09"},"type":"OpenApiConnectionWebhook","inputs":{"host":{"apiId":"/providers/Microsoft.PowerApps/apis/shared_microsoftforms","connectionName":"shared_microsoftforms","operationId":"CreateFormWebhook"},"parameters":{"form_id":"MXZrSukuhkGHaxZC36J4PtUoxtdE2OlNj6BpSa7HpfNUN1VMRDZFMzRNU1FCWTA0VklYOUFUWlRVVi4u"},"authentication":"@parameters('$authentication')"}}},"actions":{"Get_response_details":{"runAfter":{},"metadata":{"operationMetadataId":"36faeddf-4cd3-4aa3-978f-3b66b1f5b491"},"type":"OpenApiConnection","inputs":{"host":{"apiId":"/providers/Microsoft.PowerApps/apis/shared_microsoftforms","connectionName":"shared_microsoftforms","operationId":"GetFormResponseById"},"parameters":{"form_id":"MXZrSukuhkGHaxZC36J4PtUoxtdE2OlNj6BpSa7HpfNUN1VMRDZFMzRNU1FCWTA0VklYOUFUWlRVVi4u","response_id":"@triggerOutputs()?['body/resourceData/responseId']"},"authentication":"@parameters('$authentication')"}},"Create_item":{"runAfter":{"Get_response_details":["Succeeded"]},"metadata":{"operationMetadataId":"aac6ccf0-0914-4c84-a262-aa0daaf0f907"},"type":"OpenApiConnection","inputs":{"host":{"apiId":"/providers/Microsoft.PowerApps/apis/shared_sharepointonline","connectionName":"shared_sharepointonline","operationId":"PostItem"},"parameters":{"dataset":"https://tobititi1.sharepoint.com/sites/tobititi1","table":"ef8fa171-1089-4e3b-94c4-7b8ab966ab21","item/Name":"@outputs('Get_response_details')?['body/r731b8c66784f4c448e616fa2312ff89a']","item/Email":"@outputs('Get_response_details')?['body/responder']","item/Gender/Value":"@outputs('Get_response_details')?['body/rfa990de5eea045f383f12443210da512']","item/PODCASTTime":"@outputs('Get_response_details')?['body/submitDate']"},"authentication":"@parameters('$authentication')"}},"Send_an_email_(V2)_2":{"runAfter":{"Create_item":["Succeeded"]},"metadata":{"operationMetadataId":"6d57b58d-f50a-46ef-b968-d3a88be88970"},"type":"OpenApiConnection","inputs":{"host":{"apiId":"/providers/Microsoft.PowerApps/apis/shared_office365","connectionName":"shared_office365","operationId":"SendEmailV2"},"parameters":{"emailMessage/To":"josephayodeleaugustine@gmail.com","emailMessage/Subject":"PODCAST Practice Notification ","emailMessage/Body":"<p>Dear DELZ,<br>\n@{outputs('Create_item')?['body/Name']}<br>\nhas submitted Response <br>\nanticipating your positive response<br>\nRegards<br>\nTOBITITI..</p>","emailMessage/Importance":"Normal"},"authentication":"@parameters('$authentication')"}}}},"connectionReferences":{"shared_microsoftforms":{"connectionName":"shared-microsoftform-45c2c2fc-d6ec-46eb-bde7-614734730143","source":"Embedded","id":"/providers/Microsoft.PowerApps/apis/shared_microsoftforms","tier":"NotSpecified"},"shared_sharepointonline":{"connectionName":"8d6064668a7d40a78d45159e8a71f8ea","source":"Embedded","id":"/providers/Microsoft.PowerApps/apis/shared_sharepointonline","tier":"NotSpecified"},"shared_office365":{"connectionName":"shared-office365-3eec5cf2-fd13-468f-bc9c-8f77ec184c4a","source":"Embedded","id":"/providers/Microsoft.PowerApps/apis/shared_office365","tier":"NotSpecified"}},"flowFailureAlertSubscribed":false,"isManaged":false}}