{"name":"9c5194a4-e40e-47d2-ad7d-3f26aaf789df","id":"/providers/Microsoft.Flow/flows/9c5194a4-e40e-47d2-ad7d-3f26aaf789df","type":"Microsoft.Flow/flows","properties":{"apiId":"/providers/Microsoft.PowerApps/apis/shared_logicflows","displayName":"Get daily reminders in Email - 2","definition":{"metadata":{"workflowEntityId":null,"processAdvisorMetadata":null,"flowclientsuspensionreason":"None","flowclientsuspensiontime":null,"flowclientsuspensionreasondetails":null,"creator":{"id":"d7c628d5-d844-4de9-8fa0-6949aec7a5f3","type":"User","tenantId":"4a6b7631-2ee9-4186-876b-1642dfa2783e"},"provisioningMethod":"FromDefinition","failureAlertSubscription":true,"clientLastModifiedTime":"2022-07-15T09:31:03.4760271Z"},"$schema":"https://schema.management.azure.com/providers/Microsoft.Logic/schemas/2016-06-01/workflowdefinition.json#","contentVersion":"1.0.0.0","parameters":{"$connections":{"defaultValue":{},"type":"Object"},"$authentication":{"defaultValue":{},"type":"SecureObject"}},"triggers":{"every_day":{"recurrence":{"frequency":"Day","interval":1,"startTime":"2022-07-16T06:00:00Z","schedule":{"hours":["6"],"minutes":[0]}},"metadata":{"operationMetadataId":"4a9d8d76-78e4-408d-96cc-550ec05cc70d"},"type":"Recurrence"}},"actions":{"Send_an_email_(V2)":{"runAfter":{},"metadata":{"operationMetadataId":"aa92610e-926d-4c1c-b824-dd31a1d2d825"},"type":"OpenApiConnection","inputs":{"host":{"apiId":"/providers/Microsoft.PowerApps/apis/shared_office365","connectionName":"shared_office365","operationId":"SendEmailV2"},"parameters":{"emailMessage/To":"josepholawumitimothy@gmail.com","emailMessage/Subject":"[Daily Reminder from Microsoft Power Automate]","emailMessage/Body":"<p>Hello good morning sir,<br>\nwake up for your morning Devotions <br>\nwarm regards from Pius</p>","emailMessage/Importance":"Normal"},"authentication":"@parameters('$authentication')"}}},"outputs":{},"description":"Send a reminder email every day. You can customize the to email address and the content of the email to match your needs (no Office 365 or Outlook.com account required)."},"connectionReferences":{"shared_office365":{"connectionName":"shared-office365-3eec5cf2-fd13-468f-bc9c-8f77ec184c4a","source":"Embedded","id":"/providers/Microsoft.PowerApps/apis/shared_office365","tier":"NotSpecified"}},"flowFailureAlertSubscribed":false,"isManaged":false}}