{"name":"2ada8851-1bbd-4a9c-95cd-f93818388e98","id":"/providers/Microsoft.Flow/flows/2ada8851-1bbd-4a9c-95cd-f93818388e98","type":"Microsoft.Flow/flows","properties":{"apiId":"/providers/Microsoft.PowerApps/apis/shared_logicflows","displayName":"EmployeeCheckIn","definition":{"metadata":{"workflowEntityId":null,"processAdvisorMetadata":null,"flowclientsuspensionreason":"None","flowclientsuspensiontime":null,"creator":{"id":"d7c628d5-d844-4de9-8fa0-6949aec7a5f3","type":"User","tenantId":"4a6b7631-2ee9-4186-876b-1642dfa2783e"},"provisioningMethod":"FromDefinition","failureAlertSubscription":true,"clientLastModifiedTime":"2022-07-12T07:23:15.0457214Z"},"$schema":"https://schema.management.azure.com/providers/Microsoft.Logic/schemas/2016-06-01/workflowdefinition.json#","contentVersion":"1.0.0.0","parameters":{"$connections":{"defaultValue":{},"type":"Object"},"$authentication":{"defaultValue":{},"type":"SecureObject"}},"triggers":{"manual":{"metadata":{"operationMetadataId":"b99d87f1-a060-4619-a991-c0d4f9c4d938"},"type":"Request","kind":"PowerAppV2","inputs":{"schema":{"type":"object","properties":{"text":{"title":"Email","type":"string","x-ms-dynamically-added":true,"description":"A new record has been added","x-ms-content-hint":"TEXT"}},"required":["text"]}}}},"actions":{"Send_push_notification_V2":{"runAfter":{"Initialize_variable":["Succeeded"]},"metadata":{"operationMetadataId":"8a2f5809-a5c7-448e-8a7a-8f4a0519087f"},"type":"OpenApiConnection","inputs":{"host":{"apiId":"/providers/Microsoft.PowerApps/apis/shared_powerappsnotificationv2","connectionName":"shared_powerappsnotificationv2","operationId":"SendPushNotificationV2"},"parameters":{"payload/playerType":"PowerApps","payload/app":"{\n  \"appIdentifier\": \"4a04f6cd-d6c9-4a03-97f1-9e1fae88f554\",\n  \"displayName\": \"EmployeeCheckIn Application (1)\",\n  \"type\": \"CanvasApp\"\n}","payload/recipients":["@variables('Record')"],"payload/message":"EmployeeCheckIn","payload/openApp":true},"authentication":{"value":"@json(decodeBase64(triggerOutputs().headers['X-MS-APIM-Tokens']))['$ConnectionKey']","type":"Raw"}}},"Initialize_variable":{"runAfter":{},"metadata":{"operationMetadataId":"15f429b2-1a52-4951-a6d5-c52a1365afec"},"type":"InitializeVariable","inputs":{"variables":[{"name":"Record","type":"string","value":"@triggerBody()['text']"}]}}}},"connectionReferences":{"shared_powerappsnotificationv2":{"connectionName":"shared-powerappsnoti-893c5f61-afe4-4236-99f9-7da2d94521e3","source":"Invoker","id":"/providers/Microsoft.PowerApps/apis/shared_powerappsnotificationv2","tier":"NotSpecified"}},"flowFailureAlertSubscribed":false,"isManaged":false}}