{"schemaVersion":"1.0","appDefinitionTemplate":{"id":"/providers/Microsoft.PowerApps/apps/","type":"Microsoft.PowerApps/apps","tags":{"sp-site-id":"https://tobititi1.sharepoint.com/sites/tobititi1","sp-list-id":"22e16067-3057-4623-8303-33c6f0d9364d","https://tobititi1.sharepoint.com/sites/tobititi1":"22e16067-3057-4623-8303-33c6f0d9364d","primaryDeviceWidth":"640","primaryDeviceHeight":"1136","supportsPortrait":"true","supportsLandscape":"true","primaryFormFactor":"Phone","publisherVersion":"3.22064.10","minimumRequiredApiVersion":"2.2.0","hasComponent":"false","hasUnlockedComponent":"false","isUnifiedRootApp":"false","sienaVersion":"20220707T081501Z-3.22064.10.0"},"properties":{"appVersion":"2022-07-07T08:15:01Z","lifeCycleId":"Published","createdByClientVersion":{"major":3,"minor":22064,"build":10,"revision":0,"majorRevision":0,"minorRevision":0},"minClientVersion":{"major":3,"minor":22064,"build":10,"revision":0,"majorRevision":0,"minorRevision":0},"backgroundColor":"RGBA(0,176,240,1)","backgroundImageUri":"/4829903954533237124/N1e74d632-d7e1-4f5e-a81d-72e94416e72a-logoSmallFile","displayName":"EmployeeCheckIn Application (1)","description":"","commitMessage":"","appUris":{"documentUri":{"value":"/4829903954533237124/Nd0e3ef9e-cf63-46c1-b3bf-f62e0b0e4400-document.msapp"},"imageUris":[]},"createdTime":"0001-01-01T00:00:00Z","lastModifiedTime":"0001-01-01T00:00:00Z","sharedGroupsCount":0,"sharedUsersCount":0,"icons":{"smallIconUri":"/4829903954533237124/N6d73ebaa-04d0-4b33-9c95-fa99e84e7123-small.png","mediumIconUri":"/4829903954533237124/Nf10533fd-427e-434a-b1ee-4a129be7f2c3-medium.png","largeIconUri":"/4829903954533237124/N0abea1e5-bbcf-42ad-99c9-8659a5c27656-large.png","wideIconUri":"/4829903954533237124/N616074c5-524b-422f-9542-a4a36edfb7d7-wide.png"},"connectionReferences":{"699862c4-e63c-4d84-a535-f369425ca01c":{"id":"32554c7a-8bca-410c-b0dc-d5d805cb8864","displayName":"SharePoint","iconUri":"https://connectoricons-prod.azureedge.net/releases/v1.0.1578/1.0.1578.2813/sharepointonline/icon.png","dataSources":["EmployeeCheckIn"],"dependencies":[],"dependents":[],"parameterHints":{},"parameterHintsV2":{},"isOnPremiseConnection":false,"dataSets":{"https://tobititi1.sharepoint.com/sites/tobititi1":{"dataSources":{"EmployeeCheckIn":{"tableName":"22e16067-3057-4623-8303-33c6f0d9364d"}}}},"apiTier":"Standard","isCustomApiConnection":false,"actions":["providers/PowerPlatform.Governance/Operations/Read","providers/PowerPlatform.Governance/Operations/Write","providers/PowerPlatform.Governance/Operations/Delete"]}},"databaseReferences":{},"almMode":"Environment","performanceOptimizationEnabled":true,"canConsumeAppPass":true,"executionRestrictions":{"isTeamsOnly":false,"dataLossPreventionEvaluationResult":{"status":"Compliant","lastEvaluationDate":"2022-07-07T08:15:18.2652378Z","violations":[],"violationsByPolicy":[],"violationErrorMessage":"The app uses the following connectors: shared_sharepointonline."}}},"appType":"ClassicCanvasApp","appComponents":[]}}